"RK",TIERS,"PLAYER NAME",TEAM,"FANTASYPTS","TGT","REC","YDS","TDS","ATT","YDS","TDS"
"1",1,"CeeDee Lamb",DAL,"403.2","181","135","1749","12","14","113","2"
"2",1,"Tyreek Hill",MIA,"376.4","171","119","1799","13","6","15","0"
"3",1,"Amon-Ra St. Brown",DET,"330.9","164","119","1515","10","4","24","0"
"4",1,"Ja'Marr Chase",CIN,"262.7","145","100","1216","7","3","-6","0"
"5",2,"Justin Jefferson",MIN,"202.2","100","68","1074","5","1","-12","0"
"6",2,"A.J. Brown",PHI,"289.6","158","106","1456","7","0","0","0"
"7",2,"Garrett Wilson",NYJ,"213.2","168","95","1042","3","4","0","0"
"8",2,"Puka Nacua",LAR,"298.5","160","105","1486","6","12","89","0"
"9",2,"Marvin Harrison Jr.",ARI,"0","0","0","0","0","0","0","0"
"10",3,"Davante Adams",LV,"265.4","175","103","1144","8","0","0","0"
"11",3,"Drake London",ATL,"174.4","110","69","905","2","0","0","0"
"12",3,"Chris Olave",NO,"231.3","138","87","1123","5","0","0","0"
"13",3,"Cooper Kupp",LAR,"164.4","95","59","737","5","1","-3","0"
"14",3,"Jaylen Waddle",MIA,"198.6","104","72","1014","4","3","12","0"
"15",3,"Mike Evans",TB,"282.5","136","79","1255","13","0","0","0"
"16",3,"Nico Collins",HOU,"260.4","109","80","1297","8","1","7","0"
"17",3,"Michael Pittman Jr.",IND,"250.2","156","109","1152","4","0","0","0"
"18",3,"Brandon Aiyuk",SF,"249.2","105","75","1342","7","0","0","0"
"19",4,"Deebo Samuel Sr.",SF,"243.7","89","60","892","7","37","225","5"
"20",4,"DeVonta Smith",PHI,"227.6","112","81","1066","7","0","0","0"
"21",4,"DK Metcalf",SEA,"225.4","119","66","1114","8","0","0","0"
"22",4,"DJ Moore",CHI,"286.5","136","96","1364","8","4","21","1"
"23",4,"Malik Nabers",NYG,"0","0","0","0","0","0","0","0"
"24",4,"Amari Cooper",CLE,"227","128","72","1250","5","0","0","0"
"25",4,"Stefon Diggs",HOU,"273.8","160","107","1183","8","1","5","0"
"26",4,"Rashee Rice",KC,"212.5","102","79","938","7","1","-3","0"
"27",4,"Terry McLaurin",WAS,"203.2","132","79","1002","4","0","0","0"
"28",4,"Zay Flowers",BAL,"206.4","108","77","858","5","8","56","1"
"29",5,"Tee Higgins",CIN,"137.6","76","42","656","5","0","0","0"
"30",5,"George Pickens",PIT,"208.8","106","63","1140","5","3","18","0"
"31",5,"Christian Kirk",JAC,"150.3","85","57","787","3","1","6","0"
"32",5,"Tank Dell",HOU,"165","75","47","709","7","11","51","0"
"33",5,"Chris Godwin",TB,"209.2","130","83","1024","2","4","38","1"
"34",5,"Diontae Johnson",CAR,"152.7","87","51","717","5","0","0","0"
"35",5,"Calvin Ridley",TEN,"229.9","136","76","1016","8","9","23","0"
"36",5,"Keenan Allen",CHI,"278.9","150","108","1243","7","2","6","0"
"37",5,"Jaxon Smith-Njigba",SEA,"149.8","93","63","628","4","0","0","0"
"38",5,"Jayden Reed",GB,"217.2","94","64","793","8","11","119","2"
"39",5,"DeAndre Hopkins",TEN,"223.6","137","75","1057","7","2","9","0"
"40",6,"Rome Odunze",CHI,"0","0","0","0","0","0","0","0"
"41",6,"Courtland Sutton",DEN,"190.2","90","59","772","10","0","0","0"
"42",6,"Xavier Worthy",KC,"0","0","0","0","0","0","0","0"
"43",6,"Brian Thomas Jr.",JAC,"0","0","0","0","0","0","0","0"
"44",6,"Ladd McConkey",LAC,"0","0","0","0","0","0","0","0"
"45",6,"Christian Watson",GB,"101.3","53","28","422","5","4","11","0"
"46",6,"Marquise Brown",KC,"134.7","101","51","574","4","2","23","0"
"47",6,"Jordan Addison",MIN,"221.3","108","70","911","10","1","2","0"
"48",6,"Tyler Lockett",SEA,"202.4","122","79","894","5","0","0","0"
"49",6,"Jakobi Meyers",LV,"218.6","106","71","807","8","4","24","2"
"50",6,"Jameson Williams",DET,"80.3","42","24","354","2","3","29","1"
"51",6,"Joshua Palmer",LAC,"106.7","61","38","581","2","1","6","0"
"52",6,"Keon Coleman",BUF,"0","0","0","0","0","0","0","0"
"53",6,"Romeo Doubs",GB,"174.4","96","59","674","8","0","0","0"
"54",6,"Khalil Shakir",BUF,"113.1","45","39","611","2","1","10","0"
"55",6,"Curtis Samuel",BUF,"157.2","91","62","613","4","7","39","1"
"56",6,"Rashid Shaheed",NO,"155.6","75","46","719","5","7","37","0"
"57",6,"Brandin Cooks",DAL,"173.2","81","54","657","8","5","35","0"
"58",6,"Mike Williams",NYJ,"50.2","26","19","249","1","1","3","0"
"59",6,"Josh Downs",IND,"157.1","98","68","771","2","0","0","0"
"60",7,"Jerry Jeudy",CLE,"141.8","87","54","758","2","0","0","0"
"61",7,"Adam Thielen",CAR,"231","137","103","1014","4","1","6","0"
"62",7,"Gabe Davis",JAC,"161.4","81","45","746","7","1","-2","0"
"63",7,"Dontayvion Wicks",GB,"119.8","58","39","581","4","1","1","0"
"64",7,"DeMario Douglas",NE,"107.2","79","49","561","0","8","41","0"
"65",7,"Darnell Mooney",ATL,"78.9","61","31","414","1","2","5","0"
"66",7,"Ja'Lynn Polk",NE,"0","0","0","0","0","0","0","0"
"67",7,"Adonai Mitchell",IND,"0","0","0","0","0","0","0","0"
"68",7,"Michael Wilson",ARI,"114.5","58","38","565","3","0","0","0"
"69",7,"Wan'Dale Robinson",NYG,"133.2","78","60","525","1","9","87","1"
"70",7,"Rashod Bateman",BAL,"76.5","56","32","367","1","1","18","0"
"71",7,"Xavier Legette",CAR,"0","0","0","0","0","0","0","0"
"72",7,"Jahan Dotson",PHI,"124.8","83","49","518","4","0","0","0"
"73",7,"Marvin Mims Jr.",DEN,"70.7","33","22","377","1","9","30","0"
"74",7,"Ricky Pearsall",SF,"0","0","0","0","0","0","0","0"
"75",7,"Demarcus Robinson",LAR,"87.4","39","26","371","4","1","23","0"
"76",8,"Tyler Boyd",TEN,"145.8","98","67","667","2","2","11","0"
"77",8,"Quentin Johnston",LAC,"94","67","38","431","2","3","9","0"
"78",8,"Jermaine Burton",CIN,"0","0","0","0","0","0","0","0"
"79",8,"Darius Slayton",NYG,"151","79","50","770","4","0","0","0"
"80",8,"Jalin Hyatt",NYG,"60.3","40","23","373","0","0","0","0"
"81",8,"Jalen McMillan",TB,"0","0","0","0","0","0","0","0"
"82",8,"Roman Wilson",PIT,"0","0","0","0","0","0","0","0"
"83",8,"Andrei Iosivas",CIN,"50.6","25","15","116","4","0","0","0"
"84",8,"Elijah Moore",CLE,"132.1","104","59","640","2","9","11","0"
"85",8,"Malachi Corley",NYJ,"0","0","0","0","0","0","0","0"
"86",8,"Troy Franklin",DEN,"0","0","0","0","0","0","0","0"
"87",8,"DJ Chark Jr.",LAC,"115.5","66","35","525","5","0","0","0"
"88",8,"Kendrick Bourne",NE,"100","55","37","406","4","1","4","0"
"89",8,"Greg Dortch",ARI,"64.5","41","24","280","2","1","5","0"
"90",8,"Javon Baker",NE,"0","0","0","0","0","0","0","0"
"91",8,"Josh Reynolds",DEN,"128.8","64","40","608","5","0","0","0"
"92",8,"Odell Beckham Jr.",MIA,"107.5","64","35","565","3","0","0","0"
"93",8,"Luke McCaffrey",WAS,"0","0","0","0","0","0","0","0"
"94",8,"Jonathan Mingo",CAR,"84.8","85","43","418","0","0","0","0"
"95",8,"A.T. Perry",NO,"60.6","18","12","246","4","0","0","0"
"96",8,"Treylon Burks",TEN,"39.9","30","16","221","0","5","18","0"
"97",8,"Zay Jones",ARI,"78.1","64","34","321","2","0","0","0"
"98",8,"Jalen Tolbert",DAL,"58.8","36","22","268","2","0","0","0"
"99",8,"K.J. Osborn",NE,"120","75","48","540","3","0","0","0"
"100",8,"Alec Pierce",IND,"95.4","65","32","514","2","0","0","0"
"101",8,"Trey Palmer",TB,"95.7","68","39","385","3","3","22","0"
"102",8,"Cedric Tillman",CLE,"44.2","44","21","224","0","1","8","0"
"103",8,"Devontez Walker",BAL,"0","0","0","0","0","0","0","0"
"104",9,"Brenden Rice",LAC,"0","0","0","0","0","0","0","0"
"105",9,"Noah Brown",WAS,"101.6","55","33","567","2","1","-1","0"
"106",9,"Jacob Cowing",SF,"0","0","0","0","0","0","0","0"
"107",9,"Robert Woods",HOU,"89.3","75","40","426","1","1","7","0"
"108",9,"Tyler Scott",CHI,"35.9","32","17","168","0","7","41","0"
"109",9,"Tutu Atwell",LAR,"112.4","67","39","483","3","5","31","0"
"110",9,"Kalif Raymond",DET,"97.4","44","35","489","1","7","75","0"
"111",9,"Kadarius Toney",FA,"53","38","27","169","1","11","31","0"
"112",9,"Malik Washington",MIA,"0","0","0","0","0","0","0","0"
"113",9,"Dyami Brown",WAS,"35","23","12","168","1","1","0","0"
"114",9,"Van Jefferson",PIT,"41.3","43","20","209","0","1","4","0"
"115",9,"Tre Tucker",LV,"71.8","34","19","331","2","10","77","0"
"116",9,"Jauan Jennings",SF,"51.5","33","19","265","1","0","0","0"
"117",9,"Jordan Whittington",LAR,"0","0","0","0","0","0","0","0"
"118",9,"Tim Patrick",DET,"0","0","0","0","0","0","0","0"
"119",9,"Marquez Valdes-Scantling",BUF,"56.5","42","21","315","1","0","0","0"
"120",9,"Bo Melton",GB,"45.9","24","16","218","1","3","21","0"
"121",9,"Nelson Agholor",BAL,"97.1","45","35","381","4","0","0","0"
"122",9,"Allen Lazard",NYJ,"60.1","49","23","311","1","0","0","0"
"123",9,"Calvin Austin III",PIT,"52.7","30","17","180","1","11","57","1"
"124",10,"John Metchie III",HOU,"32.2","30","16","158","0","1","4","0"
"125",10,"Xavier Gipson",NYJ,"58.7","38","21","229","0","8","68","1"
"126",10,"Michael Thomas",FA,"89.8","64","39","448","1","0","0","0"
"127",10,"Jalen Nailor",MIN,"5.9","6","3","29","0","0","0","0"
"128",10,"Ray-Ray McCloud III",ATL,"28.5","15","12","135","0","3","30","0"
"129",10,"Skyy Moore",KC,"53.7","38","21","244","1","3","23","0"
"130",10,"Johnny Wilson",PHI,"0","0","0","0","0","0","0","0"
"131",10,"Parker Washington",JAC,"39.2","21","16","132","2","0","0","0"
"132",10,"Cedrick Wilson Jr.",NO,"69.6","38","22","296","3","0","0","0"
"133",10,"Justin Watson",KC,"89","53","27","460","3","0","0","0"
"134",10,"JuJu Smith-Schuster",KC,"61","47","29","260","1","0","0","0"
"135",10,"Mack Hollins",BUF,"43.1","30","18","251","0","0","0","0"
"136",10,"Brandon Powell",MIN,"67.1","44","29","324","1","5","17","0"
"137",10,"Tyquan Thornton",NE,"27.2","23","13","91","0","3","51","0"
"138",10,"Olamide Zaccheaus",WAS,"38.4","20","10","164","2","0","0","0"
"139",10,"Trenton Irwin",CIN,"62.6","32","25","316","1","0","0","0"
"140",10,"Ryan Flournoy",DAL,"0","0","0","0","0","0","0","0"
"141",10,"KaVontae Turpin",DAL,"59.7","18","12","127","3","11","110","1"
"142",10,"Donovan Peoples-Jones",DET,"28.5","25","13","155","0","0","0","0"
"143",10,"Jake Bobo",SEA,"56.9","25","19","196","2","1","3","1"
"144",10,"Xavier Hutchinson",HOU,"21.9","19","8","90","0","5","49","0"
"145",10,"Parris Campbell",PHI,"30.4","27","20","104","0","0","0","0"
"146",10,"Charlie Jones",CIN,"20.7","9","7","64","0","2","13","0"
"147",10,"Jamison Crowder",WAS,"35.9","20","16","159","1","0","0","0"
"148",10,"Nick Westbrook-Ikhine",TEN,"85","45","28","370","3","0","0","0"
"149",10,"Braxton Berrios",MIA,"57.9","33","27","238","1","1","11","0"
"150",10,"Hunter Renfrow",FA,"48.5","37","25","255","0","0","0","0"
"151",10,"Bub Means",NO,"0","0","0","0","0","0","0","0"
"152",10,"Jamari Thrash",CLE,"0","0","0","0","0","0","0","0"
"153",10,"Ainias Smith",PHI,"0","0","0","0","0","0","0","0"
"154",10,"Mecole Hardman Jr.",KC,"25.7","24","15","124","0","1","3","0"
"155",10,"Jalen Brooks",DAL,"12.4","6","6","64","0","0","0","0"
"156",11,"Chris Moore",ARI,"68.3","35","22","424","0","2","39","0"
"157",11,"Laviska Shenault Jr.",SEA,"21.5","10","10","60","0","12","55","0"
"158",11,"David Bell",CLE,"48.7","23","14","167","3","0","0","0"
"159",11,"Devin Duvernay",JAC,"7.3","9","4","18","0","4","15","0"
"160",11,"Casey Washington",ATL,"0","0","0","0","0","0","0","0"
"161",11,"Devaughn Vele",DEN,"0","0","0","0","0","0","0","0"
"162",11,"Trent Sherfield Sr.",MIN,"25.6","22","11","86","1","0","0","0"
"163",11,"Derius Davis",LAC,"35.7","17","15","66","0","14","101","0"
"164",11,"Anthony Gould",IND,"0","0","0","0","0","0","0","0"
"165",11,"Isaiah Hodgins",NYG,"60","33","21","230","3","0","0","0"
"166",11,"KhaDarel Hodge",ATL,"37.2","23","14","232","0","1","0","0"
"167",11,"Isaiah McKenzie",NYG,"16.6","14","11","82","0","3","14","0"
"168",11,"Kayshon Boutte",NE,"3.9","7","2","19","0","0","0","0"
"169",11,"Justyn Ross",KC,"11.3","11","6","53","0","0","0","0"
"170",11,"Scotty Miller",PIT,"39.1","16","11","161","2","0","0","0"
"171",11,"Terrace Marshall Jr.",SF,"32.9","33","19","139","0","0","0","0"
"172",11,"Allen Robinson II",DET,"62","49","34","280","0","0","0","0"
"173",11,"Velus Jones Jr.",CHI,"11.1","7","4","20","0","8","51","0"
"174",11,"Deonte Harty",BAL,"40","21","15","150","1","4","0","0"
"175",11,"Jha'Quan Jackson",TEN,"0","0","0","0","0","0","0","0"
"176",11,"Quez Watkins",PIT,"35.2","21","15","142","1","0","0","0"
"177",11,"Malik Heath",GB,"33.5","24","15","125","1","0","0","0"
"178",11,"DJ Turner",LV,"0","0","0","0","0","0","0","0"
"179",11,"Byron Pringle",WAS,"28.1","22","14","161","0","0","0","0"
"180",11,"Sterling Shepard",TB,"20.3","22","10","57","1","1","6","0"
"181",11,"Kyle Philips",FA,"31.1","22","15","181","0","0","0","0"
"182",11,"Ihmir Smith-Marsette",FA,"32.5","10","8","51","0","8","74","1"
"183",11,"David Moore",CAR,"20.4","7","5","94","1","0","0","0"
"184",12,"Jalen Reagor",NE,"28.5","23","7","138","0","1","17","0"
"185",12,"Rakim Jarrett",TB,"10","9","4","60","0","1","0","0"
"186",12,"Zach Pascal",ARI,"5.9","15","4","19","0","0","0","0"
"187",12,"Tahj Washington",MIA,"0","0","0","0","0","0","0","0"
"188",12,"DeAndre Carter",CHI,"9.7","7","4","39","0","3","18","0"
"189",12,"Ronnie Bell",SF,"30.8","13","6","68","3","0","0","0"
"190",12,"Ashton Dulin",IND,"0","0","0","0","0","0","0","0"
"191",12,"Isaiah Williams",DET,"0","0","0","0","0","0","0","0"
"192",12,"Trishton Jackson",MIN,"4.9","4","2","9","0","0","0","0"
"193",12,"River Cracraft",MIA,"27.1","12","9","121","1","0","0","0"
"194",12,"Jalen Guyton",LV,"24.9","21","10","89","1","0","0","0"
"195",12,"Jason Brownlee",NYJ,"16.6","8","5","56","1","0","0","0"
"196",12,"Tylan Wallace",BAL,"8.1","2","1","11","0","0","0","0"
"197",12,"Mason Tipton",NO,"0","0","0","0","0","0","0","0"
"198",12,"Jamal Agnew",FA,"40.3","21","14","225","1","4","-2","0"
"199",12,"Bryce Ford-Wheaton",NYG,"0","0","0","0","0","0","0","0"
"200",12,"Denzel Mims",FA,"0","0","0","0","0","0","0","0"
"201",12,"Daurice Fountain",FA,"0","0","0","0","0","0","0","0"
"202",12,"Britain Covey",PHI,"8.2","6","4","42","0","0","0","0"
"203",12,"Simi Fehoko",LAC,"7.9","2","1","9","1","0","0","0"
"204",12,"Xavier Weaver",ARI,"0","0","0","0","0","0","0","0"
"205",12,"Chris Conley",SF,"9.9","6","3","69","0","0","0","0"
"206",12,"Chris Blair",ATL,"0","0","0","0","0","0","0","0"
"207",12,"Grant DuBose",MIA,"0","0","0","0","0","0","0","0"
"208",12,"Tre'Quan Smith",DET,"0","0","0","0","0","0","0","0"
"209",12,"Emeka Egbuka",FA,"0","0","0","0","0","0","0","0"
"210",12,"Samori Toure",CHI,"15.8","18","8","78","0","0","0","0"
"211",12,"Tyler Johnson",LAR,"8.8","3","2","8","1","0","0","0"
"212",12,"Cornelius Johnson",LAC,"0","0","0","0","0","0","0","0"
"213",12,"Tim Jones",JAC,"19.3","18","11","83","0","0","0","0"
"214",12,"Gunner Olszewski",NYG,"3","1","1","0","0","0","0","0"
"215",12,"Dareke Young",SEA,"0","0","0","0","0","0","0","0"
"216",12,"Brandon Johnson",PIT,"73.4","30","19","284","4","0","0","0"
"217",12,"Isaiah Williams",FA,"0","0","0","0","0","0","0","0"
"218",12,"Equanimeous St. Brown",NO,"11.2","6","5","62","0","0","0","0"
"219",12,"Marvin Jones Jr.",FA,"6.5","10","5","35","0","0","0","0"
"220",12,"Robbie Chosen",MIA,"22.6","6","4","126","1","0","0","0"
"221",12,"Ramel Keyton",LV,"0","0","0","0","0","0","0","0"
"222",12,"N'Keal Harry",MIN,"0","0","0","0","0","0","0","0"
"223",12,"Tyrell Shavers",BUF,"0","0","0","0","0","0","0","0"
"224",12,"Jalen Coker",CAR,"0","0","0","0","0","0","0","0"
"225",12,"Lil'Jordan Humphrey",DEN,"47.2","19","13","162","3","0","0","0"
"226",12,"Steven Sims Jr.",HOU,"5.6","3","3","25","0","1","1","0"
"227",12,"Joe Parker",FA,"0","0","0","0","0","0","0","0"
"228",12,"Richie James Jr.",FA,"19.4","14","10","114","0","0","0","0"
"229",12,"Russell Gage",FA,"0","0","0","0","0","0","0","0"
"230",12,"Dee Eskridge",MIA,"0.5","1","0","0","0","2","5","0"
"231",12,"Ben Skowronek",PIT,"21.5","12","8","66","1","2","9","0"
"232",12,"KJ Hamler",BUF,"0","0","0","0","0","0","0","0"
"233",12,"Lawrence Cager",NYG,"13.6","5","4","36","1","0","0","0"
"234",12,"Kameron Johnson",TB,"0","0","0","0","0","0","0","0"
"235",12,"D.J. Montgomery",IND,"14.6","8","3","56","1","0","0","0"
"236",12,"John Ross",FA,"0","0","0","0","0","0","0","0"
"237",12,"Irvin Charles",NYJ,"0","1","0","0","0","0","0","0"
"238",13,"Marquez Callaway",FA,"0","0","0","0","0","0","0","0"
"239",13,"Miles Boykin",NYG,"4.7","4","3","17","0","0","0","0"
"240",13,"Nikko Remigio",KC,"0","0","0","0","0","0","0","0"
"241",13,"Erik Ezukanma",MIA,"2.2","1","0","0","0","5","22","0"
"242",13,"Keith Kirkwood",BAL,"14.7","9","5","37","1","0","0","0"
"243",13,"Elijah Cooks",JAC,"6.8","4","3","38","0","0","0","0"
"244",13,"Antoine Green",FA,"1.2","2","1","2","0","0","0","0"
"245",13,"Collin Johnson",CHI,"2.1","1","1","11","0","0","0","0"
"246",13,"Trent Taylor",SF,"-2.2","2","0","0","0","1","-2","0"
"247",13,"Marcus Rosemy-Jacksaint",PHI,"0","0","0","0","0","0","0","0"
"248",13,"Julio Jones",FA,"36.4","19","11","74","3","0","0","0"
"249",13,"Tyler Davis",FA,"0","0","0","0","0","0","0","0"
"250",13,"Jarvis Landry",FA,"0","0","0","0","0","0","0","0"
"251",13,"Deven Thompkins",FA,"34.9","25","17","83","1","8","56","0"
"252",13,"Kaden Davis",FA,"0","0","0","0","0","0","0","0"
"253",13,"Jalen Moreno-Cropper",DAL,"0","0","0","0","0","0","0","0"
"254",13,"Mitchell Tinsley",WAS,"0","0","0","0","0","0","0","0"
"255",13,"Anthony Schwartz",MIA,"0","0","0","0","0","0","0","0"
"256",13,"Tejhaun Palmer",ARI,"0","0","0","0","0","0","0","0"
"257",13,"Lynn Bowden Jr.",FA,"22.5","16","11","83","0","5","32","0"
"258",13,"Josh Crockett",FA,"0","0","0","0","0","0","0","0"
"259",13,"Mason Kinsey",TEN,"1.6","1","1","6","0","0","0","0"
"260",13,"Marquise Goodwin",FA,"14","13","4","67","0","4","33","0"
"261",13,"James Proche II",CLE,"-2","5","0","0","0","0","0","0"
"262",13,"Bisi Johnson",FA,"0","0","0","0","0","0","0","0"
"263",13,"Justin Shorter",LV,"0","0","0","0","0","0","0","0"
"264",13,"Xavier Smith",LAR,"0","0","0","0","0","0","0","0"
"265",13,"Mike Strachan",FA,"5.5","3","1","45","0","0","0","0"
"266",13,"Kevin Austin Jr.",NO,"0","0","0","0","0","0","0","0"
"267",13,"Laquon Treadwell",IND,"2.6","3","1","16","0","0","0","0"
"268",13,"Kendall Hinton",FA,"0","0","0","0","0","0","0","0"
"269",13,"Kristian Wilkerson",LV,"0","0","0","0","0","0","0","0"
"270",13,"Bryan Thompson",FA,"0","0","0","0","0","0","0","0"
"271",13,"Lance McCutcheon",FA,"0","0","0","0","0","0","0","0"
"272",13,"Austin Trammell",JAC,"4.9","7","4","29","0","0","0","0"
"273",13,"Cody Thompson",TB,"2","1","1","10","0","0","0","0"
"274",13,"Alex Erickson",FA,"45.2","29","16","232","1","0","0","0"
"275",13,"Danny Gray",FA,"0","0","0","0","0","0","0","0"
"276",13,"Josh Ali",FA,"0","0","0","0","0","0","0","0"
"277",13,"Jeff Foreman",LV,"0","0","0","0","0","0","0","0"
"278",13,"Kazmeir Allen",WAS,"0","0","0","0","0","0","0","0"
"279",13,"Devron Harper",FA,"0","0","0","0","0","0","0","0"
"280",13,"Ty James",FA,"0","0","0","0","0","0","0","0"
"281",13,"Malik Taylor",NYJ,"3.3","4","2","13","0","0","0","0"
"282",13,"Randall Cobb",FA,"16.9","17","5","39","1","0","0","0"
"283",14,"Anthony Miller",BAL,"0","0","0","0","0","0","0","0"
"284",14,"Juwann Winfree",IND,"0","1","0","0","0","0","0","0"
"285",14,"Lucky Jackson",MIN,"0","0","0","0","0","0","0","0"
"286",14,"Colton Dowell",TEN,"1.3","2","1","3","0","0","0","0"
"287",14,"Shedrick Jackson",CIN,"0","1","0","0","0","0","0","0"
"288",14,"Jaelon Darden",CLE,"0","0","0","0","0","0","0","0"
"289",14,"Daniel Arias",FA,"0","0","0","0","0","0","0","0"
"290",14,"Stanley Morgan Jr.",FA,"0","0","0","0","0","0","0","0"
"291",14,"Quintez Cephus",FA,"0","0","0","0","0","0","0","0"
"292",14,"Tulu Griffin",CLE,"0","0","0","0","0","0","0","0"
"293",14,"Kaylon Geiger Sr.",FA,"0","0","0","0","0","0","0","0"
"294",14,"Hakeem Butler",FA,"0","0","0","0","0","0","0","0"
"295",14,"Austin Mack",FA,"0","0","0","0","0","0","0","0"
"296",14,"Jeff Cotton Jr.",FA,"0","0","0","0","0","0","0","0"
"297",14,"Willie Snead IV",FA,"3.4","3","2","14","0","0","0","0"
"298",14,"Penny Hart",FA,"0","0","0","0","0","0","0","0"
"299",14,"Dax Milne",FA,"0","0","0","0","0","0","0","0"
"300",14,"Marcus Kemp",FA,"0","0","0","0","0","0","0","0"
"301",14,"Damiere Byrd",FA,"0","2","0","0","0","0","0","0"
"302",14,"James Butler",FA,"0","0","0","0","0","0","0","0"